name,price,sold
Áo khoác nam Hoodie Chống Nắng WHENEVER Nỉ Bông IN NỔI Form Rộng Nam Nữ mùa đông cặp đôi Unisex dáng boxy Thời Trang Ba Màu - g8_shop 01,48.999 ₫,486 Đã bán
Áo hoodie form rộng WHENEVER nam nữ nỉ bông chống nắng nóng đông hè thời trang nam nữ oversize ulzzang - Trùm Túi A1,38.999 ₫,106 Đã bán
EERSHENSHI áo hoodie nam Áo khoác Áo Chui Đầu Có Mũ đơn giản rộng của Nam Khoá Kéo không Áo Hoodie lông cừu,82.000 ₫,1.3K Đã bán
KYUSHUAD Áo hoodie nam-lông cừu và áo nỉ dày-Áo nỉ in Monogram cao cấp cho nam và nữ,114.000 ₫,1.8K Đã bán
ÁO KHOÁT HOODIE TRƠN DÂY KÉO SÀNH ĐIỆU - ÁO CHỐNG NẮNG PHONG CÁCH UNISEX SÀNH ĐIỆU - TOKYO FASHION,45.000 ₫,300 Đã bán
ÁO HOODIE LÓT NHUNG TAY DÀI OVERSIZE IN CHỮ NỔI TRẮNG WHENEVER PHONG CÁCH HÀN QUỐC HOT MÙA HÈ MÙA THU ĐÔNG - DUBAI FASHION,45.000 ₫,714 Đã bán
Áo Khoác Hoodie Nam Nữ WHENEVER In Nổi Chất Nỉ Giữ Ấm Chống Nắng Ba Màu Xanh Đỏ Đen Đủ Size Từ 40-68kg - Trùm Túi A1,31.999 ₫,8 Đã bán
"ÁO KHOÁC HOODIES CÓ KHÓA NAM NỮ IN CHỮ JU-MP QUỐC CHẤT NỈ DÀY PHOM FORM RỘNG CHỐNG NẮNG, NÓNG ĐÔNG HÈ HOT TREND",49.900 ₫,861 Đã bán
[HCM]ÁO KHOÁC HOODIE KHỦNG LONG SWEATER UNISEX NAM NỮ PHỐI NÓN VẢI CAO CẤP KHÔNG XÙ LÔNG TRẺ TRUNG NĂNG ĐỘNG CỰC CHẤT,65.000 ₫,7.0K Đã bán
"[Mã Giảm GG25] Áo khoác nam nữ, áo khoác nỉ S.T.Y.S.S.U dáng unisex in chữ lớn kín áo kết hợp mũ 2 lớp dày dặn hàng shop giá chợ dễ phối đồ HN80A6",81.000 ₫,267 Đã bán
EERSHENSHI Của nam giới Hoodie-một hoodie cho các trường học ấm áp Ins in hoodie cho sinh viên hợp thời trang hàng đầu,107.000 ₫,187 Đã bán
"Áo Hoodie phù hợp cho cả nam và nữ, có sẵn trong nhiều màu sắc M-5XL w496",103.300 ₫,345 Đã bán
ÁO HOODIE LÓT NHUNG TAY DÀI OVERSIZE IN CHỮ NỔI TRẮNG MEET HOT PHONG CÁCH HÀN QUỐC PHONG CÁCH SANG CHẢNH - OSAKA FASHION,45.000 ₫,96 Đã bán
MOLAN Áo hoodie nam đơn giản thời trang áo Chui Đầu Có Mũ mùa xuân và mùa thu giản dị áo khoác có mũ sinh viên,228.000 ₫,45 Đã bán
"Áo khoác nam hoodie SADBOIZ Nón 2 lớp form rộng chất nỉ bông cao cấp dày dặn giữ nhiệt tốt cho nam nữ mặc nhà,đi học chơi ấm áp mùa đông, chống nắng mùa hè phong cách thể thao đường phố Hàn Quốc siêu ngầu - Top1shop S0",49.999 ₫,5.5K Đã bán
MOLAN Cardigan Áo Khoác Nam Mùa Đông lông cừu Tuổi Teen Áo nỉ có mũ rộng,161.000 ₫,748 Đã bán
ÁO KHOÁC HOODIE NAM NỮ GẤU SCRUB CHẤT NỈ DÀY PHOM FORM RỘNG CHỐNG NẮNG NÓNG ĐÔNG HÈ PHONG CÁCH SÀNH ĐIỆU MỚI- DUBAI FASHION,39.000 ₫,2.0K Đã bán
Áo Hoodie Nam Nữ ATH.ANOR Dày Dặn Kiểu Dáng Basic Form Rộng Hình In Bền Đẹp Rich Man MAH 029,42.000 ₫,235 Đã bán
Lansboter áo hodie áo khoác hoddie áo hoodie đi học sweater áo thu đông Áo khoác trùm đầu có dây kéo mặc thường ngày dáng rộng in thời trang áo nỉ có mũ cho nam,137.000 ₫,233 Đã bán
Áo hoodie nam nữ - áo hoodie nỉ thu đông phong cách ulzzang chất nỉ bông dày đẹp in hình MÊ CUNG SỬ VIỆT,79.000 ₫,37 Đã bán
"ÁO NAM NỮ HOODIE KHOÁ JU - MP HÀN QUỐC CHẤT NỈ DÀY PHOM FORM RỘNG CHỐNG NẮNG, NÓNG ĐÔNG HÈ HOT TREND",36.500 ₫,45 Đã bán
"[Nhận số lượng lớn] Áo hoodie CSCĐ CUỘC SỐNG CÔ ĐƠN đủ size cho nam nữ phù hợp áo lớp, áo nhóm chất đẹp",119.000 ₫,50 Đã bán
ÁO HOODIE LÓT NHUNG TAY DÀI OVERSIZE IN CHỮ NỔI TRẮNG MEET HOT PHONG CÁCH HÀN QUỐC PHONG CÁCH HOT TREND 2024 - OSAKA FASHION,45.000 ₫,16 Đã bán
Áo Khoác Hoodie Nỉ 4TYZ Phối 2 Màu Dây Kéo Cổ Dân Rút Form Unisex,95.000 ₫,30 Đã bán
ÁO KHOÁC HOODIE NAM NỮ CHỮ R CHẤT NỈ DÀY PHOM FROM RỘNG CHỐNG LẠNH NẮNG NÓNG ĐÔNG HÈ PHONG CÁCH HOT TREND 2023 - PARIS FASHION,39.000 ₫,473 Đã bán
"Áo khoác nỉ hoodie - Áo khoác nỉ cho bé trai, bé gái NABI Store chất Vải nỉ bông cao cấp cho bé 17-40kg",89.000 ₫,817 Đã bán
Bộ Đồ Thể Thao Nhẹ Có Mũ Trùm Đầu Cho Nam Áo Thun Chui Đầu Dáng Rộng Phong Cách Hàn Quốc Hợp Thời Trang Với Màu Trơn Cho Mùa Thu Đông,25.600 ₫,182 Đã bán
Áo Hoodie Chữ Ký Mũ 2 Lớp Nam Nữ Chất Nỉ Bông Tay Bồng,75.000 ₫,375 Đã bán
Áo hoodie nỉ cotton hình Thỏ BUNNY siêu xinh dài tay có mũ ấm áp mềm mịn cho bé yêu từ 10-60kg mã 64,60.000 ₫,47 Đã bán
"Áo Khoác In Aa Nỉ Bông Dày Dặn Phối Họa Tiết Đẹp, Áo Khoác Dây Kéo Zip Nam Nữ Form Rộng Unsiex TP736",42.000 ₫,25 Đã bán
KYUSHUAD Áo hoodie nam-lông cừu và áo nỉ dày-Áo nỉ in Monogram cao cấp cho nam và nữ,183.000 ₫,152 Đã bán
"ÁO KHOÁC HOODIES CÓ KHÓA NAM NỮ JU-MP HÀN QUỐC CHẤT NỈ DÀY PHOM FORM RỘNG CHỐNG NẮNG, NÓNG ĐÔNG HÈ HOT TREND",36.806 ₫,16 Đã bán
[Nhập LazSoHot2- giảm 20% đơn 199k|MARCHY - Basic Hoodie SS2 - Áo Khoác tròng đầu,380.000 ₫,527 Đã bán
Áo khoác nam Hoodie WHENEVER Nỉ Bông IN NỔI Form Rộng Nữ mùa đông cặp đôi Unisex dáng boxy Bon Bon MAH 033,35.000 ₫,36 Đã bán
"ÁO KHOÁC HOODIES CÓ KHÓA NAM NỮ JU-MP HÀN QUỐC CHẤT NỈ DÀY PHOM FORM RỘNG CHỐNG NẮNG, NÓNG ĐÔNG HÈ HOT TREND",41.746 ₫,8 Đã bán
(FULL BOX) Áo Hoodie Chui Basic Logo Cao Su Vstyle Unisex Local Brand - Trắng Kem,169.000 ₫,57 Đã bán
[HCM]ÁO KHOÁC HOODIE KHỦNG LONG SWEATER UNISEX NAM NỮ KHÔNG XÙ LÔNG TRẺ TRUNG NĂNG ĐỘNG BLACKWHITE1,29.000 ₫,2.1K Đã bán
"ÁO KHOÁC HOODIE NAM NỮ CREW JDNINA HÀN QUỐC CHẤT NỈ DÀY PHOM FORM RỘNG CHỐNG NẮNG, NÓNG ĐÔNG HÈ HOT TREND",39.900 ₫,77 Đã bán
